,http://www.hello-bowo.com,"IOT
"
,http://hxperience.com,"IOT
"
,http://www.onlimited.net,"IOT
"
,https://www.mobapi.com,"IOT
"
,http://mcleed.fr/,"IOT
"
,https://barracks.io/,"IOT
"
,http://konnecticut.fr/,"IOT
"
,https://www.tomanage.fr/,"IOT
"
,https://web.uppersafe.com/fr/home,"IOT
"
,https://www.webiot.io/,"IOT
"
,https://www.hidnseek.fr/fr,"IOT
"
,https://www.event-bots.com,"IOT
"
,https://sonora.io,"IOT
"
,http://www.tributerre.fr,"IOT
"
,http://www.digitsole.com,"IOT
"
,http://scanup.fr/,"IOT
"
,http://www.wearbelty.com,"IOT
"
,http://www.alpwise.com,"IOT
"
,http://www.driveorphone.com,"IOT
"
,http://aryballe-technologies.com,"IOT
"
,http://neocity.fr,"SMARTCITY
"
,http://hxperience.com,"SMARTCITY
"
,http://www.madeinvote.com,"SMARTCITY
"
,http://www.louerdehors.com,"SMARTCITY
"
,http://www.energic.io,"SMARTCITY
"
,http://www.kadri.fr/,"SMARTCITY
"
,https://www.bluedistrib.com/,"SMARTCITY
"
,http://comm1possible.com/,"SMARTCITY
"
,http://www.greenberry.io,"SMARTCITY
"
,http://www.ubiant.com,"SMARTCITY
"
,http://www.forcity.com,"SMARTCITY
"
,http://www.follow.solutions/fr/,"SMARTCITY
"
,http://www.gogowego.com/,"SMARTCITY
"
,http://wecity.nl,"SMARTCITY
"
,https://www.politizr.com,"SMARTCITY
"
,http://knotcity.com,"SMARTCITY
"
,https://www.lipark.com,"SMARTCITY
"
,http://concierge.eu/,"SMARTCITY
"
,http://www.clipandbike.fr,"SMARTCITY
"
,http://www.javise.info,"SMARTCITY
"
,http://www.linkee.co,"SOCIAL
"
,https://www.event-bots.com,"SOCIAL
"
,http://www.agree-app.com/,"SOCIAL
"
,http://www.e-reality.fr,"SOCIAL
"
,http://spotforus.com,"SOCIAL
"
,http://www.wavesincity.fr,"SOCIAL
"
,http://itsalive.io,"SOCIAL
"
,https://www.cohome.in/,"SOCIAL
"
,http://Bougex.com,"SOCIAL
"
,https://www.cobaturage.fr/,"SOCIAL
"
,http://www.godblessyoo.com,"SOCIAL
"
,http://www.click-and-cheers.com,"SOCIAL
"
,http://bit.ly/HelloMyNameisRive,"SOCIAL
"
,https://getheyway.com,"SOCIAL
"
,http://www.techfugees.com,"SOCIAL
"
,http://getbubbles.me/,"SOCIAL
"
,http://www.placeboardapp.com,"SOCIAL
"
,http://www.invibes.com/,"SOCIAL
"
,http://www.valueyournetwork.com/,"SOCIAL
"
,http://www.whatt.com/,"SOCIAL
"
,http://www.conjecto.com,"OPENDATA
"
,http://www.groupeprisme.com,"OPENDATA
"
,https://www.startupflow.io,"OPENDATA
"
,http://www.natural-solutions.eu/,"OPENDATA
"
,http://www.forcity.com,"OPENDATA
"
,http://artefacts.coop,"OPENDATA
"
,http://www.smartertime.com,"OPENDATA
"
,http://www.openfieldlive.com/,"OPENDATA
"
,http://www.visiteoo.fr,"OPENDATA
"
,http://cidoolab.com,"OPENDATA
"
,http://www.skylads.com/,"OPENDATA
"
,http://www.laplacedelimmobilier-pro.com,"OPENDATA
"
,https://projetarcadie.com/,"OPENDATA
"
,http://www.trees-institute.fr,"OPENDATA
"
,https://www.noa-labs.com,"CROWDFUNDING
"
,http://microdon.org,"CROWDFUNDING
"
,http://www.wizyfab.com,"CROWDFUNDING
"
,http://time.com,"CROWDFUNDING
"
,http://www.raizers.com,"CROWDFUNDING
"
,https://www.particeep.com/fr,"CROWDFUNDING
"
,https://www.smartangels.fr/,"CROWDFUNDING
"
,http://www.mycrowdcompany.com/fr/,"CROWDFUNDING
"
,https://www.greenchannel.fr,"CROWDFUNDING
"
,http://www.fosburit.com,"CROWDFUNDING
"
,https://www.federeves.com,"CROWDFUNDING
"
,http://www.mipise.com,"CROWDFUNDING
"
,http://www.lelapafund.com,"CROWDFUNDING
"
,http://www.donasafe.com/,"CROWDFUNDING
"
,http://www.candystick.co.za,"CROWDFUNDING
"
,https://fr.sponsorise.me/en/home,"CROWDFUNDING
"
,https://www.humangive.com/,"CROWDFUNDING
"
,http://wild-at-heart.net/,"CROWDFUNDING
"
,https://enerfip.fr,"CROWDFUNDING
"
,http://www.ma-bonne-action.com,"CROWDFUNDING
"
,http://www.voxmapp.com,"SMARTCITY
"
,http://www.feelobject.fr,"SMARTCITY
"
,http://lespepitestech.com/under%2540construction,"SMARTCITY
"
,https://getstig.org,"SMARTCITY
"
,http://www.g2mobility.com,"SMARTCITY
"
,http://www.synoptica.com/,"SMARTCITY
"
,http://www.lifi-led.ci,"SMARTCITY
"
,http://www.startupbootcamp.org,"SMARTCITY
"
,http://myniu.fr/,"SMARTCITY
"
,http://www.nirbyapp.com,"SMARTCITY
"
,http://www.g2mobility.com,"SMARTCITY
"
,http://www.advansolar.com,"SMARTCITY
"
,http://www.canibal.fr,"SMARTCITY
"
,http://www.eiver-car.com,"SMARTCITY
"
,http://www.smoove.fr,"SMARTCITY
"
,http://ubimix.com,"SMARTCITY
"
,http://www.parkisseo.com,"SMARTCITY
"
,http://uselilo.org,"SOCIAL
"
,http://www.ring.cx,"IOT
"
,http://www.startupbootcamp.org,"IOT
"
,http://www.silent-space.fr,"IOT
"
,https://rythm.co,"IOT
"
,http://www.g2mobility.com,"IOT
"
,http://ekylibre.com,"IOT
"
,http://www.wekast.com,"IOT
"
,http://www.weenat.com,"IOT
"
,http://www.nextlevel.asia,"IOT
"
,http://locarise.com/,"IOT
"
,http://www.lesgeorges.com,"IOT
"
,http://www.qowisio.com/,"IOT
"
,http://www.cyborg-vegetal.fr/,"IOT
"
,http://www.b-sensory.com/,"IOT
"
,http://www.withings.com/fr/withings-activite.html,"IOT
"
,http://www.archos.com/fr/products/objects/cself/amb/index.html,"IOT
"
,http://bit.ly/1F139EQ,"IOT
"
,http://www.cityzensciences.fr,"IOT
"
,http://www.sigfox.com/fr/,"IOT
"
,http://www.ticatag.com,"IOT
"
,https://keeex.me,"IOT
"
,http://concierge.eu/,"IOT
"
,http://www.nfc-interactive.fr/,"IOT
"
,http://www.vitalbase.fr,"IOT
"
,http://www.openfieldlive.com/,"IOT
"
,http://www.goaltime.fr,"IOT
"
,http://www.equisense.com,"IOT
"
,http://www.eagolf.co,"IOT
"
,http://www.shapeheart.com,"IOT
"
,http://lsee.com/,"IOT
"
,http://www.homeisconnected.com,"IOT
"
,http://www.objeko.com/,"IOT
"
,https://www.weenect.com,"IOT
"
,http://www.busit.com,"IOT
"
,http://zetapush.com,"IOT
"
,http://www.ubleam.com,"IOT
"
,http://www.adveez.fr,"IOT
"
,http://www.g2mobility.com,"IOT
"
,http://www.flapit.com,"IOT
"
,http://neocity.fr,"SMARTCITY
"
,http://hxperience.com,"SMARTCITY
"
,http://www.madeinvote.com,"SMARTCITY
"
,http://www.louerdehors.com,"SMARTCITY
"
,http://www.energic.io,"SMARTCITY
"
,http://www.kadri.fr/,"SMARTCITY
"
,https://www.bluedistrib.com/,"SMARTCITY
"
,http://comm1possible.com/,"SMARTCITY
"
,http://www.greenberry.io,"SMARTCITY
"
,http://www.ubiant.com,"SMARTCITY
"
,http://www.forcity.com,"SMARTCITY
"
,http://www.follow.solutions/fr/,"SMARTCITY
"
,http://www.gogowego.com/,"SMARTCITY
"
,http://wecity.nl,"SMARTCITY
"
,https://www.politizr.com,"SMARTCITY
"
,http://knotcity.com,"SMARTCITY
"
,https://www.lipark.com,"SMARTCITY
"
,http://concierge.eu/,"SMARTCITY
"
,http://www.clipandbike.fr,"SMARTCITY
"
,http://www.javise.info,"SMARTCITY
"
,http://www.linkee.co,"SOCIAL
"
,https://www.event-bots.com,"SOCIAL
"
,http://www.agree-app.com/,"SOCIAL
"
,http://www.e-reality.fr,"SOCIAL
"
,http://spotforus.com,"SOCIAL
"
,http://www.wavesincity.fr,"SOCIAL
"
,http://itsalive.io,"SOCIAL
"
,https://www.cohome.in/,"SOCIAL
"
,http://Bougex.com,"SOCIAL
"
,https://www.cobaturage.fr/,"SOCIAL
"
,http://www.godblessyoo.com,"SOCIAL
"
,http://www.click-and-cheers.com,"SOCIAL
"
,http://bit.ly/HelloMyNameisRive,"SOCIAL
"
,https://getheyway.com,"SOCIAL
"
,http://www.techfugees.com,"SOCIAL
"
,http://getbubbles.me/,"SOCIAL
"
,http://www.placeboardapp.com,"SOCIAL
"
,http://www.invibes.com/,"SOCIAL
"
,http://www.valueyournetwork.com/,"SOCIAL
"
,http://www.whatt.com/,"SOCIAL
"
,http://captaincrowd.co,"CROWDFUNDING
"
,http://uselilo.org,"CROWDFUNDING
"
,https://www.mynewstartup.com,"CROWDFUNDING
"
,https://www.dividom.com/,"CROWDFUNDING
"
,https://sowefund.com/,"CROWDFUNDING
"
,https://advanilla.com,"CROWDFUNDING
"
,http://www.hello-bowo.com,"IOT
"
,http://hxperience.com,"IOT
"
,http://www.onlimited.net,"IOT
"
,https://www.mobapi.com,"IOT
"
,http://mcleed.fr/,"IOT
"
,https://barracks.io/,"IOT
"
,http://konnecticut.fr/,"IOT
"
,https://www.tomanage.fr/,"IOT
"
,https://web.uppersafe.com/fr/home,"IOT
"
,https://www.webiot.io/,"IOT
"
,https://www.hidnseek.fr/fr,"IOT
"
,https://www.event-bots.com,"IOT
"
,https://sonora.io,"IOT
"
,http://www.tributerre.fr,"IOT
"
,http://www.digitsole.com,"IOT
"
,http://scanup.fr/,"IOT
"
,http://www.wearbelty.com,"IOT
"
,http://www.alpwise.com,"IOT
"
,http://www.driveorphone.com,"IOT
"
,http://aryballe-technologies.com,"IOT
"
,https://www.noa-labs.com,"CROWDFUNDING
"
,http://microdon.org,"CROWDFUNDING
"
,http://www.wizyfab.com,"CROWDFUNDING
"
,http://time.com,"CROWDFUNDING
"
,http://www.raizers.com,"CROWDFUNDING
"
,https://www.particeep.com/fr,"CROWDFUNDING
"
,https://www.smartangels.fr/,"CROWDFUNDING
"
,http://www.mycrowdcompany.com/fr/,"CROWDFUNDING
"
,https://www.greenchannel.fr,"CROWDFUNDING
"
,http://www.fosburit.com,"CROWDFUNDING
"
,https://www.federeves.com,"CROWDFUNDING
"
,http://www.mipise.com,"CROWDFUNDING
"
,http://www.lelapafund.com,"CROWDFUNDING
"
,http://www.donasafe.com/,"CROWDFUNDING
"
,http://www.candystick.co.za,"CROWDFUNDING
"
,https://fr.sponsorise.me/en/home,"CROWDFUNDING
"
,https://www.humangive.com/,"CROWDFUNDING
"
,http://wild-at-heart.net/,"CROWDFUNDING
"
,https://enerfip.fr,"CROWDFUNDING
"
,http://www.ma-bonne-action.com,"CROWDFUNDING
"
,http://www.getmoona.com,"IOT
"
,http://www.lixico.com,"IOT
"
,http://www.xee.com,"IOT
"
,http://hostabee.com,"IOT
"
,http://www.bluefrogrobotics.com/fr/home-fr/,"IOT
"
,http://awaken.fr/fr/awaken-car-fr/,"IOT
"
,http://www.techcare.info,"IOT
"
,https://fr.eggs-iting.com/,"IOT
"
,http://www.BeeBryte.com,"IOT
"
,http://iot.bzh,"IOT
"
,http://www.uzer.eu,"IOT
"
,http://sea-tags.com/,"IOT
"
,http://www.bliwe.com/fr/home/,"IOT
"
,http://www.meg-lab.com/,"IOT
"
,http://www.phoceis.com,"IOT
"
,http://www.cybersas.eu,"IOT
"
,http://www.invoxia.com/fr/triby/,"IOT
"
,http://www.the-beacons.com,"IOT
"
,http://www.idosens.com/,"IOT
"
,http://www.ziblue.com,"IOT
"
,http://www.gowi.fr,"IOT
"
,http://www.connit.com,"IOT
"
,http://www.goflipr.com,"IOT
"
,http://myjomo.fr,"IOT
"
,http://oombrella.me,"IOT
"
,http://steadxp.com/,"IOT
"
,http://ondilo.com,"IOT
"
,http://enlaps.io,"IOT
"
,https://www.aroma-care.fr,"IOT
"
,http://atmotrack.fr,"IOT
"
,http://www.inemotion.com,"IOT
"
,http://rtone.fr,"IOT
"
,http://mistergaspard.com/,"IOT
"
,http://www.telegrafik.fr/,"IOT
"
,http://www.syntony.fr,"IOT
"
,http://www.pilot-things.com,"IOT
"
,http://www.connecthings.com/fr/accueil/,"IOT
"
,http://www.follow.solutions/fr/,"IOT
"
,http://www.kolibree.com,"IOT
"
,http://www.magency.me,"IOT
"
,https://www.adback.co/fr/,"IT
"
,http://atelier-itech.com,"IT
"
,http://externis.com/fr/,"IT
"
,http://www.evitech.com,"IT
"
,http://www.ovh.it,"IT
"
,http://ipzen.com/,"IT
"
,http://www.easypartner.fr,"IT
"
,http://move4ideas.com/en/,"IT
"
,http://sensiolabs.com/,"IT
"
,http://teleonomy.net,"IT
"
,http://www.ubikey.fr,"IT
"
,http://www.mooltibox.com,"IT
"
,http://www.daumet.com,"INNOVATIONTECH
"
,http://www.hydropousse.fr,"INNOVATIONTECH
"
,http://www.eccity-motocycles.com,"INNOVATIONTECH
"
,http://www.wizzcad.com,"INNOVATIONTECH
"
,https://www.startupflow.io,"INNOVATIONTECH
"
,http://www.natural-solutions.eu/,"INNOVATIONTECH
"
,http://newee.fr,"INNOVATIONTECH
"
,http://www.unstrap.me,"INNOVATIONTECH
"
,http://www.terroiko.fr/,"INNOVATIONTECH
"
,http://www.bimpair.com,"INNOVATIONTECH
"
,http://www.peoplewbs.com/,"INNOVATIONTECH
"
,http://www.kadran.immo,"INNOVATIONTECH
"
,http://www.greenberry.io,"INNOVATIONTECH
"
,http://www.wizyfab.com,"INNOVATIONTECH
"
,http://ondilo.com,"INNOVATIONTECH
"
,http://sensorwake.com,"INNOVATIONTECH
"
,http://www.makidoo.io,"INNOVATIONTECH
"
,http://www.eco-boost.net,"INNOVATIONTECH
"
,http://www.gustave-et-cie.fr/,"INNOVATIONTECH
"
,http://www.private-innovation.com,"INNOVATIONTECH
"
,https://www.adrenaline-hunter.com,"BOOKINGTECH
"
,http://www.lookandbook.fr,"BOOKINGTECH
"
,http://www.messortiesce.Fr,"BOOKINGTECH
"
,http://makemymassage.fr,"BOOKINGTECH
"
,http://lookdiary.com.hk/beauty/home,"BOOKINGTECH
"
,http://www.arvey.fr,"BOOKINGTECH
"
,http://www.orrlando.com,"BOOKINGTECH
"
,https://gokyma.com,"BOOKINGTECH
"
,http://www.vtc-booking.com,"BOOKINGTECH
"
,http://www.checkandmove.com,"BOOKINGTECH
"
,http://pasoda-market.com,"BOOKINGTECH
"
,http://www.spotwod.com/,"BOOKINGTECH
"
,http://horseee.fr,"BOOKINGTECH
"
,http://www.evasionbooking.com,"BOOKINGTECH
"
,https://www.doctolib.fr/,"BOOKINGTECH
"
,http://www.starofservice.com/#/,"BOOKINGTECH
"
,http://www.seloger-cher.com,"BOOKINGTECH
"
,http://www.voyageprive.com,"BOOKINGTECH
"
,http://gbooking.co,"BOOKINGTECH
"
,http://www.booknsport.com,"BOOKINGTECH
"
,http://www.qualitadd.com,"SOFTWARE
"
,https://www.hubrix.fr,"SOFTWARE
"
,http://www.nurgo-software.com/,"SOFTWARE
"
,http://www.bmia.fr,"SOFTWARE
"
,http://www.anakeen.com,"SOFTWARE
"
,https://www.webiot.io/,"SOFTWARE
"
,http://www.quable.com,"SOFTWARE
"
,http://www.acreos.eu/fr/index.php,"SOFTWARE
"
,http://www.kananas.com,"SOFTWARE
"
,http://hibox.co,"SOFTWARE
"
,http://www.kadri.fr/,"SOFTWARE
"
,http://www.gad-delta.fr,"SOFTWARE
"
,https://www.cirrus-shield.fr,"SOFTWARE
"
,http://www.immersive-ways.com,"SOFTWARE
"
,http://ziqy.co,"SOFTWARE
"
,http://www.xcomponent.com,"SOFTWARE
"
,http://www.microej.com,"SOFTWARE
"
,http://siberiancms.com,"SOFTWARE
"
,http://www.openairlines.com,"SOFTWARE
"
,http://www.telegrafik.fr/,"SOFTWARE
"
,http://www.share-your-knowledge.com,"LEGALTECH
"
,https://www.legalstart.fr,"LEGALTECH
"
,http://www.mafiscalite.com/,"LEGALTECH
"
,http://www.3carre.com,"LEGALTECH
"
,http://mypacs.fr,"LEGALTECH
"
,http://www.doctrine.fr,"LEGALTECH
"
,https://keeex.me,"LEGALTECH
"
,https://www.legalife.fr/,"LEGALTECH
"
,http://www.document-juridique.com,"LEGALTECH
"
,http://captaincontrat.com/,"LEGALTECH
"
,http://golaem.com/,"INNOVATIONTECH
"
,http://www.optis-world.com/,"INNOVATIONTECH
"
,http://www.ipdia.com/,"INNOVATIONTECH
"
,http://myscript.com/,"INNOVATIONTECH
"
,http://www.t-immersion.com/,"INNOVATIONTECH
"
,http://www.ubiqubesolutions.com/,"INNOVATIONTECH
"
,http://sunpartnertechnologies.com,"INNOVATIONTECH
"
,https://rythm.co,"INNOVATIONTECH
"
,http://www.algolinked.com,"INNOVATIONTECH
"
,https://www.humangive.com/,"INNOVATIONTECH
"
,http://www.econ-o.com,"INNOVATIONTECH
"
,http://www.canibal.fr,"INNOVATIONTECH
"
,http://www.merrypixel.com,"INNOVATIONTECH
"
,http://www.publicitemoi.com,"INNOVATIONTECH
"
,http://mhikes.com,"INNOVATIONTECH
"
,http://www.reserverunbar.fr,"BOOKINGTECH
"
,http://www.atmoterra.com,"INNOVATIONTECH
"
,http://www.adveez.fr,"INNOVATIONTECH
"
,http://www.ogga.eu,"INNOVATIONTECH
"
,http://shop.nonuniversalnuts.com/,"INNOVATIONTECH
"
,http://www.synoptica.com/,"INNOVATIONTECH
"
,http://sensiolabs.com/,"INNOVATIONTECH
"
,http://www.fittingbox.com/,"INNOVATIONTECH
"
,http://www.nanomakers.co/,"INNOVATIONTECH
"
,http://neotion.fr,"INNOVATIONTECH
"
,http://www.silent-space.fr,"INNOVATIONTECH
"
,http://www.expensya.com,"INNOVATIONTECH
"
,http://www.hub-square.com,"INNOVATIONTECH
"
,http://ideol-offshore.com/en,"INNOVATIONTECH
"
,http://www.doceapower.com/,"INNOVATIONTECH
"
,http://www.e2v.com/,"INNOVATIONTECH
"
,http://www.oktal.fr/en/,"INNOVATIONTECH
"
,http://www.insightsip.com/,"INNOVATIONTECH
"
,https://www.talend.com/,"INNOVATIONTECH
"
,http://www.ciel-et-terre.net/,"INNOVATIONTECH
"
,http://www.axyntis.com/en/,"INNOVATIONTECH
"
,http://www.bottleandcream.com,"INNOVATIONTECH
"
,http://www.art-digital-numerique.fr,"INNOVATIONTECH
"
,http://www.usmile.co,"INNOVATIONTECH
"
,http://www.rifft.fr/,"INNOVATIONTECH
"
,http://www.cellys.fr,"INNOVATIONTECH
"
,http://bluenove.com,"INNOVATIONTECH
"
,http://seekios.com,"INNOVATIONTECH
"
,http://www.btocloud.eu,"INNOVATIONTECH
"
,http://www.mycrowdcompany.com/fr/,"INNOVATIONTECH
"
,http://sidonie.fr,"INNOVATIONTECH
"
,http://www.aireka.fr,"INNOVATIONTECH
"
,https://www.e-cotiz.com/,"INNOVATIONTECH
"
,http://www.ob-vious.com/,"INNOVATIONTECH
"
,http://www.zenmobile.fr,"INNOVATIONTECH
"
,http://www.what-the-shop.com/,"INNOVATIONTECH
"
,http://greenbureau.com,"INNOVATIONTECH
"
,https://www.alcatel-lucent.com/fr,"INNOVATIONTECH
"
,https://www.alcatel-lucent.com/fr,"INNOVATIONTECH
"
,http://www.iobeya.com/en/,"INNOVATIONTECH
"
,http://www.textures-saveurs.com,"INNOVATIONTECH
"
,http://www.daumet.com,"INNOVATIONTECH
"
,http://www.hydropousse.fr,"INNOVATIONTECH
"
,http://www.eccity-motocycles.com,"INNOVATIONTECH
"
,http://www.wizzcad.com,"INNOVATIONTECH
"
,https://www.startupflow.io,"INNOVATIONTECH
"
,http://www.natural-solutions.eu/,"INNOVATIONTECH
"
,http://newee.fr,"INNOVATIONTECH
"
,http://www.unstrap.me,"INNOVATIONTECH
"
,http://www.terroiko.fr/,"INNOVATIONTECH
"
,http://www.bimpair.com,"INNOVATIONTECH
"
,http://www.peoplewbs.com/,"INNOVATIONTECH
"
,http://www.kadran.immo,"INNOVATIONTECH
"
,http://www.greenberry.io,"INNOVATIONTECH
"
,http://www.wizyfab.com,"INNOVATIONTECH
"
,http://ondilo.com,"INNOVATIONTECH
"
,http://sensorwake.com,"INNOVATIONTECH
"
,http://www.makidoo.io,"INNOVATIONTECH
"
,http://www.eco-boost.net,"INNOVATIONTECH
"
,http://www.gustave-et-cie.fr/,"INNOVATIONTECH
"
,http://www.private-innovation.com,"INNOVATIONTECH
"
,https://www.adrenaline-hunter.com,"BOOKINGTECH
"
,http://www.lookandbook.fr,"BOOKINGTECH
"
,http://www.messortiesce.Fr,"BOOKINGTECH
"
,http://makemymassage.fr,"BOOKINGTECH
"
,http://lookdiary.com.hk/beauty/home,"BOOKINGTECH
"
,http://www.arvey.fr,"BOOKINGTECH
"
,http://www.orrlando.com,"BOOKINGTECH
"
,https://gokyma.com,"BOOKINGTECH
"
,http://www.vtc-booking.com,"BOOKINGTECH
"
,http://www.checkandmove.com,"BOOKINGTECH
"
,http://pasoda-market.com,"BOOKINGTECH
"
,http://www.spotwod.com/,"BOOKINGTECH
"
,http://horseee.fr,"BOOKINGTECH
"
,http://www.evasionbooking.com,"BOOKINGTECH
"
,https://www.doctolib.fr/,"BOOKINGTECH
"
,http://www.starofservice.com/#/,"BOOKINGTECH
"
,http://www.seloger-cher.com,"BOOKINGTECH
"
,http://www.voyageprive.com,"BOOKINGTECH
"
,http://gbooking.co,"BOOKINGTECH
"
,http://www.booknsport.com,"BOOKINGTECH
"
,http://www.hub-square.com,"SOFTWARE
"
,http://www.visual-planning.com,"SOFTWARE
"
,http://www.datapole.com,"SOFTWARE
"
,https://bubble.is,"SOFTWARE
"
,http://www.dunegestion.com/,"SOFTWARE
"
,http://www.mensiatech.com/,"SOFTWARE
"
,http://www.myfairtool.com/Home.html,"SOFTWARE
"
,http://www.verseo-cs.com,"SOFTWARE
"
,http://www.iobeya.com/en/,"SOFTWARE
"
,http://www.effipilot.com,"SOFTWARE
"
,http://www.openio.io,"SOFTWARE
"
,http://www.mytrendyapp.com,"SOFTWARE
"
,http://www.waftapp.com,"SOFTWARE
"
,http://b9lab.com/,"SOFTWARE
"
,http://www.goomeo.com/,"SOFTWARE
"
,https://pusher.com/,"SOFTWARE
"
,http://www.unisphere.eu/,"SOFTWARE
"
,http://www.techfugees.com,"SOFTWARE
"
,http://www.skylads.com/,"SOFTWARE
"
,http://www.latou.ch/,"SOFTWARE
"
,https://www.keepek.com/,"SOFTWARE
"
,http://getbubbles.me/,"SOFTWARE
"
,http://www.actiom.net/engineering.html,"SOFTWARE
"
,http://www.ls-ware.com,"SOFTWARE
"
,http://www.enensys.com,"SOFTWARE
"
,http://www.tagby.com,"SOFTWARE
"
,http://brandandcelebrities.com/,"SOFTWARE
"
,https://www.deepalgo.com/,"SOFTWARE
"
,http://www.nitbysoftware.com,"SOFTWARE
"
,http://www.robeen-box.fr,"SOFTWARE
"
,http://www.myddleware.fr,"SOFTWARE
"
,https://www.zefyr.net,"SOFTWARE
"
,http://www.uzer.eu,"SOFTWARE
"
,https://www.splio.com/fr/,"SOFTWARE
"
,http://www.djit.fr/,"SOFTWARE
"
,http://www.sinequa.com,"SOFTWARE
"
,http://www.the-beacons.com,"SOFTWARE
"
,http://www.technosens.fr,"SOFTWARE
"
,http://www.seed-up.io,"SOFTWARE
"
,http://www.drillscan.com/,"SOFTWARE
"
,http://www.saagie.com,"SOFTWARE
"
,http://makitoo.com/,"SOFTWARE
"
,http://talkpush.com,"SOFTWARE
"
,http://www.3ds.com/fr,"SOFTWARE
"
,http://www.talentsoft.fr/,"SOFTWARE
"
,http://move4ideas.com/en/,"SOFTWARE
"
,http://yalla-app.com/,"GAMINGTECH
"
,http://www.virtuosgames.com/,"GAMINGTECH
"
,https://www.design-screen.com/,"GAMINGTECH
"
,http://www.gamingandco.fr/,"GAMINGTECH
"
,http://quickcontest.com/,"GAMINGTECH
"
,http://www.peak.net/,"GAMINGTECH
"
,http://www.yoyogames.com,"GAMINGTECH
"
,http://aireconsim.com,"GAMINGTECH
"
,http://www.canibal.fr,"GAMINGTECH
"
,http://www.3rdkind-inc.com,"GAMINGTECH
"
,https://skill.gg/,"GAMINGTECH
"
,https://www.facebook.com/insertcointokyo,"GAMINGTECH
"
,http://www.qualitadd.com,"SOFTWARE
"
,https://www.hubrix.fr,"SOFTWARE
"
,http://www.nurgo-software.com/,"SOFTWARE
"
,http://www.bmia.fr,"SOFTWARE
"
,http://www.anakeen.com,"SOFTWARE
"
,https://www.webiot.io/,"SOFTWARE
"
,http://www.quable.com,"SOFTWARE
"
,http://www.acreos.eu/fr/index.php,"SOFTWARE
"
,http://www.kananas.com,"SOFTWARE
"
,http://hibox.co,"SOFTWARE
"
,http://www.kadri.fr/,"SOFTWARE
"
,http://www.gad-delta.fr,"SOFTWARE
"
,https://www.cirrus-shield.fr,"SOFTWARE
"
,http://www.immersive-ways.com,"SOFTWARE
"
,http://ziqy.co,"SOFTWARE
"
,http://www.xcomponent.com,"SOFTWARE
"
,http://www.microej.com,"SOFTWARE
"
,http://siberiancms.com,"SOFTWARE
"
,http://www.openairlines.com,"SOFTWARE
"
,http://www.telegrafik.fr/,"SOFTWARE
"
,http://www.urbam.bike,"DIYTECH
"
,http://www.unikness.com,"DIYTECH
"
,http://last2ticket.asia,"TRAVELTECH
"
,http://www.mylittleadventure.com,"TRAVELTECH
"
,http://www.opitrip.com,"TRAVELTECH
"
,http://www.my-webspot.com,"TRAVELTECH
"
,https://www.hotelquickly.com/,"TRAVELTECH
"
,http://www.urbanbikecitytour.com,"TRAVELTECH
"
,http://bit.ly/BookGolfLPT,"TRAVELTECH
"
,http://www.letaximetre.fr,"TRAVELTECH
"
,http://www.the-beacons.com,"TRAVELTECH
"
,http://www.saveatrain.com,"TRAVELTECH
"
,http://www.wayn.com,"TRAVELTECH
"
,http://www.so-guide.com,"TRAVELTECH
"
,https://www.cobaturage.fr/,"TRAVELTECH
"
,http://www.nannybag.com,"TRAVELTECH
"
,http://elper.fr/,"TRAVELTECH
"
,http://www.kazaden.com/,"TRAVELTECH
"
,http://bit.ly/HelloMyNameisRive,"TRAVELTECH
"
,http://www.4roues-sous-1parapluie.com,"TRAVELTECH
"
,http://www.villanovo.com,"TRAVELTECH
"
,https://www.milesbooster.fr,"TRAVELTECH
"
,http://www.gemetiq.com,"FASHIONTECH
"
,http://www.cypheme.com,"FASHIONTECH
"
,https://littlepanda.fr/,"FASHIONTECH
"
,http://www.maskgeneration.com,"FASHIONTECH
"
,http://www.spartan-underwear.com,"FASHIONTECH
"
,http://www.bylithium.com,"FASHIONTECH
"
,https://sqetch.co,"FASHIONTECH
"
,https://westi.co,"FASHIONTECH
"
,http://www.therealrabbit.com,"FASHIONTECH
"
,http://getclother.com,"FASHIONTECH
"
,http://www.clotherapp.com,"FASHIONTECH
"
,http://launchmetrics.com,"FASHIONTECH
"
,http://urban-circus.fr/,"FASHIONTECH
"
,http://www.onthelist.hk,"FASHIONTECH
"
,http://www.accentis.ru/#!home-en/c1b1r,"FASHIONTECH
"
,http://www.dressingavenue.com,"FASHIONTECH
"
,http://www.rentez-vous.com,"FASHIONTECH
"
,http://www.bebride.com/,"FASHIONTECH
"
,http://www.milleporte.com,"FASHIONTECH
"
,http://www.osable.com/,"FASHIONTECH
"
,https://www.equipementsapartager.com/fr,"BTPTECH
"
,http://www.isoltop.com,"BTPTECH
"
,http://www.wizzcad.com,"BTPTECH
"
,http://www.wisebim.fr,"BTPTECH
"
,http://pixxim.fr,"BTPTECH
"
,http://tracktor.fr/,"BTPTECH
"
,http://www.90tech.fr,"BTPTECH
"
,http://www.bluepad.fr,"BTPTECH
"
,http://www.livolo-France.com,"BTPTECH
"
,http://www.batiactu.com/,"BTPTECH
"
,http://www.finalcad.com/fr,"BTPTECH
"
,http://www.bulldozair.fr,"BTPTECH
"
,http://www.archionline.com/,"BTPTECH
"
,http://www.voyageprive.com,"TRAVELTECH
"
,http://www.placeboardapp.com,"TRAVELTECH
"
,http://bit.ly/1RU3rln,"TRAVELTECH
"
,http://www.hellotrip.fr/,"TRAVELTECH
"
,http://EasyGuests.fr,"TRAVELTECH
"
,https://www.toofix.com/,"FOOTBALLTECH
"
,http://www.feeldit.com,"FOOTBALLTECH
"
,http://www.superfootballclub.com,"FOOTBALLTECH
"
,http://www.goaltime.fr,"FOOTBALLTECH
"
,http://footinho.com,"FOOTBALLTECH
"
,http://eXsens.eu,"FOOTBALLTECH
"
,https://scorenco.com/,"FOOTBALLTECH
"
,http://www.wefan.fr,"FOOTBALLTECH
"
,http://www.footster.co,"FOOTBALLTECH
"
,http://www.umapp.eu,"FOOTBALLTECH
"
,http://apple.co/1DqXPdn,"FOOTBALLTECH
"
,https://www.footminute.com,"FOOTBALLTECH
"
,http://www.acquero.fr,"SEARCHTECH
"
,https://www.algolia.com,"SEARCHTECH
"
,https://www.moteefe.com,"FASHIONTECH
"
,http://fr.mokee.eu/,"FASHIONTECH
"
,http://www.vestiairecollective.com,"FASHIONTECH
"
,http://www.shopcade.com,"FASHIONTECH
"
,http://www.feelunique.com,"FASHIONTECH
"
,http://www.mytwist.fr,"FASHIONTECH
"
,http://www.lookforwardproject.com/,"FASHIONTECH
"
,http://www.heureux-en-retraite.com/,"BIGDATA
"
,http://algotransparency.org/,"BIGDATA
"
,http://www.linkky.co,"BIGDATA
"
,http://www.conjecto.com,"BIGDATA
"
,http://www.wiserskills.com,"BIGDATA
"
,http://www.wizzcad.com,"BIGDATA
"
,http://www.recruteminute.fr,"BIGDATA
"
,http://impala.in,"BIGDATA
"
,https://www.kwalead.com,"BIGDATA
"
,http://www.datagalaxy.com/,"BIGDATA
"
,https://datadome.co,"BIGDATA
"
,http://www.neocoretech.com/,"BIGDATA
"
,http://fr.talend.com/,"BIGDATA
"
,http://www.aptiko.com/,"BIGDATA
"
,http://www.insiteo.com,"BIGDATA
"
,http://brandandcelebrities.com/,"BIGDATA
"
,http://www.smartertime.com,"BIGDATA
"
,http://neomy.io/,"BIGDATA
"
,https://www.commandersact.com,"BIGDATA
"
,http://www.hubin.co,"BIGDATA
"
,http://last2ticket.asia,"TRAVELTECH
"
,http://www.mylittleadventure.com,"TRAVELTECH
"
,http://www.opitrip.com,"TRAVELTECH
"
,http://www.my-webspot.com,"TRAVELTECH
"
,https://www.hotelquickly.com/,"TRAVELTECH
"
,http://www.urbanbikecitytour.com,"TRAVELTECH
"
,http://bit.ly/BookGolfLPT,"TRAVELTECH
"
,http://www.letaximetre.fr,"TRAVELTECH
"
,http://www.the-beacons.com,"TRAVELTECH
"
,http://www.saveatrain.com,"TRAVELTECH
"
,http://www.wayn.com,"TRAVELTECH
"
,http://www.so-guide.com,"TRAVELTECH
"
,https://www.cobaturage.fr/,"TRAVELTECH
"
,http://www.nannybag.com,"TRAVELTECH
"
,http://elper.fr/,"TRAVELTECH
"
,http://www.kazaden.com/,"TRAVELTECH
"
,http://bit.ly/HelloMyNameisRive,"TRAVELTECH
"
,http://www.4roues-sous-1parapluie.com,"TRAVELTECH
"
,http://www.villanovo.com,"TRAVELTECH
"
,https://www.milesbooster.fr,"TRAVELTECH
"
,http://www.gemetiq.com,"FASHIONTECH
"
,http://www.cypheme.com,"FASHIONTECH
"
,https://littlepanda.fr/,"FASHIONTECH
"
,http://www.maskgeneration.com,"FASHIONTECH
"
,http://www.spartan-underwear.com,"FASHIONTECH
"
,http://www.bylithium.com,"FASHIONTECH
"
,https://sqetch.co,"FASHIONTECH
"
,https://westi.co,"FASHIONTECH
"
,http://www.therealrabbit.com,"FASHIONTECH
"
,http://getclother.com,"FASHIONTECH
"
,http://www.clotherapp.com,"FASHIONTECH
"
,http://launchmetrics.com,"FASHIONTECH
"
,http://urban-circus.fr/,"FASHIONTECH
"
,http://www.onthelist.hk,"FASHIONTECH
"
,http://www.accentis.ru/#!home-en/c1b1r,"FASHIONTECH
"
,http://www.dressingavenue.com,"FASHIONTECH
"
,http://www.rentez-vous.com,"FASHIONTECH
"
,http://www.bebride.com/,"FASHIONTECH
"
,http://www.milleporte.com,"FASHIONTECH
"
,http://www.osable.com/,"FASHIONTECH
"
,http://www.dpublic.fr/,"BITECH
"
,http://move4ideas.com/en/,"BITECH
"
,http://www.appvizer.fr,"BITECH
"
,http://www.canibal.fr,"BITECH
"
,http://www.weenove.fr,"BITECH
"
,https://fr.bimeanalytics.com/,"BITECH
"
,http://www.eiver-car.com,"BIGDATA
"
,http://www.c-radar.com/,"BIGDATA
"
,https://www.vroomvroom.fr/,"BIGDATA
"
,http://www.bowkr.com,"BIGDATA
"
,http://www.gad-delta.fr,"SCANTECH
"
,http://www.jesuisencours.com,"SCANTECH
"
,http://www.therealrabbit.com,"SCANTECH
"
,http://www.tagawine.fr/,"SCANTECH
"
,http://www.uzer.eu,"BIGDATA
"
,http://tools.ozae.com/fr,"BIGDATA
"
,http://www.sesamm.com/,"BIGDATA
"
,http://www.10h11.com,"BIGDATA
"
,http://epicurs.com,"BIGDATA
"
,http://www.serenzia.com,"BIGDATA
"
,http://www.cybersas.eu,"BIGDATA
"
,http://webmarketing-booster.com,"BIGDATA
"
,http://www.squadata.net,"BIGDATA
"
,http://www.loomup.fr,"BIGDATA
"
,http://driveyourtools.com,"BIGDATA
"
,http://www.scaledrisk.com,"BIGDATA
"
,http://www.kwalys.com,"BIGDATA
"
,http://www.saagie.com,"BIGDATA
"
,http://www.openfieldlive.com/,"BIGDATA
"
,http://www.kwalys.com/,"BIGDATA
"
,http://eXsens.eu,"BIGDATA
"
,http://tech4team.fr,"BIGDATA
"
,http://invit.io,"BIGDATA
"
,https://www.eulerian.com/,"BIGDATA
"
,http://shopboostr.de/,"BIGDATA
"
,http://www.loueunnumero.com,"BIGDATA
"
,http://www.what-the-shop.com/,"BIGDATA
"
,http://www.braincities.co,"BIGDATA
"
,http://move4ideas.com/en/,"BIGDATA
"
,http://zetapush.com,"BIGDATA
"
,http://www.verseo-cs.com,"BIGDATA
"
,http://www.artefact.is,"BIGDATA
"
,http://www.mediarithmics.com/fr/,"BIGDATA
"
,https://www.dropy.com,"BIGDATA
"
,http://www.linkpulsion.com,"BIGDATA
"
,http://www.semly.io,"BIGDATA
"
,http://cidoolab.com,"BIGDATA
"
,http://www.cedexis.com/,"BIGDATA
"
,http://www.skylads.com/,"BIGDATA
"
,http://www.startupbootcamp.org,"BIGDATA
"
,http://www.laplacedelimmobilier-pro.com,"BIGDATA
"
,http://www.thecosmocompany.com,"BIGDATA
"
,https://captainverify.com/,"BIGDATA
"
,http://www.myfav-app.com,"BIGDATA
"
,http://www.rockstart.com,"BLOCKCHAIN
"
,http://madeinblockchain.com/,"BLOCKCHAIN
"
,http://www.heureux-en-retraite.com/,"BIGDATA
"
,http://algotransparency.org/,"BIGDATA
"
,http://www.linkky.co,"BIGDATA
"
,http://www.conjecto.com,"BIGDATA
"
,http://www.wiserskills.com,"BIGDATA
"
,http://www.wizzcad.com,"BIGDATA
"
,http://www.recruteminute.fr,"BIGDATA
"
,http://impala.in,"BIGDATA
"
,https://www.kwalead.com,"BIGDATA
"
,http://www.datagalaxy.com/,"BIGDATA
"
,https://datadome.co,"BIGDATA
"
,http://www.neocoretech.com/,"BIGDATA
"
,http://fr.talend.com/,"BIGDATA
"
,http://www.aptiko.com/,"BIGDATA
"
,http://www.insiteo.com,"BIGDATA
"
,http://brandandcelebrities.com/,"BIGDATA
"
,http://www.smartertime.com,"BIGDATA
"
,http://neomy.io/,"BIGDATA
"
,https://www.commandersact.com,"BIGDATA
"
,http://www.hubin.co,"BIGDATA
"
,http://www.asphalt-lab.com,"GPSTECH
"
,http://www.gowi.fr,"GPSTECH
"
,http://www.syntony.fr,"GPSTECH
"
,http://govvva.com,"GPSTECH
"
,http://phonomatiklab.com/,"GPSTECH
"
,https://www.weenect.com,"GPSTECH
"
,http://www.eiver-car.com,"GPSTECH
"
,http://majoration.fr,"GPSTECH
"
,http://mhikes.com,"GPSTECH
"
,http://www.lespritfrancais.com,"NFCTECH
"
,http://www.famoco.com,"NFCTECH
"
,http://www.phoceis.com,"NFCTECH
"
,http://www.tapcards.fr,"NFCTECH
"
,http://www.bidulandco.com,"NFCTECH
"
,http://www.g2mobility.com,"NFCTECH
"
,http://atelier-itech.com,"3DTECH
"
,http://www.onlimited.net,"3DTECH
"
,http://www.takoma.fr/,"3DTECH
"
,http://arskan.com,"3DTECH
"
,http://www.bmia.fr,"3DTECH
"
,http://www.lookandbook.fr,"3DTECH
"
,http://www.virtuosgames.com/,"3DTECH
"
,http://www.wizzcad.com,"3DTECH
"
,https://web.uppersafe.com/fr/home,"3DTECH
"
,http://www.messortiesce.Fr,"3DTECH
"
,http://www.9h05.com,"3DTECH
"
,http://sizar.io,"3DTECH
"
,https://www.bejoe.com/,"3DTECH
"
,https://www.webiot.io/,"3DTECH
"
,http://www.chesk.co,"3DTECH
"
,https://www.noa-labs.com,"3DTECH
"
,http://www.habiteo.com,"3DTECH
"
,http://techkidsacademy.com,"3DTECH
"
,http://www.innovisite.com,"3DTECH
"
,http://www.kadri.fr/,"3DTECH
"
,http://www.kindo.fr,"MOBILETECH
"
,http://www.smartertime.com,"MOBILETECH
"
,https://www.happydemics.com,"MOBILETECH
"
,http://www.yumii.fr,"MOBILETECH
"
,https://www.lumenaki.com/fr,"MOBILETECH
"
,http://keosu.com,"MOBILETECH
"
,http://pro.myelefant.com/,"MOBILETECH
"
,http://getclother.com,"MOBILETECH
"
,http://liftclub.fr,"MOBILETECH
"
,http://www.twlive.net,"MOBILETECH
"
,http://sidonie.fr,"MOBILETECH
"
,http://www.e-novate.fr/,"MOBILETECH
"
,http://www.zenmobile.fr,"MOBILETECH
"
,http://www.what-the-shop.com/,"MOBILETECH
"
,http://www.bricks4business.com/,"MOBILETECH
"
,http://ferpection.com,"MOBILETECH
"
,https://www.fidesio.com/,"MOBILETECH
"
,http://mozoo.com/,"MOBILETECH
"
,https://www.arkamys.com/,"MOBILETECH
"
,http://sunpartnertechnologies.com,"MOBILETECH
"
,http://www.onlimited.net,"HARDWARE
"
,https://www.webiot.io/,"HARDWARE
"
,https://www.noa-labs.com,"HARDWARE
"
,http://www.maskgeneration.com,"HARDWARE
"
,http://www.immersit.fr,"HARDWARE
"
,http://www.e-takescare.com/,"HARDWARE
"
,http://ondilo.com,"HARDWARE
"
,https://robeen-box.fr/,"HARDWARE
"
,http://www.robeen-box.fr,"HARDWARE
"
,http://www.spino.tech,"HARDWARE
"
,http://www.djit.fr/,"HARDWARE
"
,https://twitter.com/meetworkshop,"HARDWARE
"
,http://www.ubik.com.tw,"HARDWARE
"
,http://knotcity.com,"HARDWARE
"
,http://www.seed-up.io,"HARDWARE
"
,http://www.saagie.com,"HARDWARE
"
,http://sprnv.com/,"HARDWARE
"
,https://rythm.co,"HARDWARE
"
,http://myniu.fr/,"HARDWARE
"
,http://www.wekast.com,"HARDWARE
"
,http://www.bigmouthcorp.com,"CHECKTECH
"
,http://concierge.eu/,"CHECKTECH
"
,http://www.novaresa.fr,"CHECKTECH
"
,http://www.ohmyguest.fr,"CHECKTECH
"
,http://www.trackit.io,"CLOUDTECH
"
,http://scalesquad.io,"CLOUDTECH
"
,https://www.atemiscloud.com,"CLOUDTECH
"
,https://www.mobapi.com,"CLOUDTECH
"
,http://www.wizzcad.com,"CLOUDTECH
"
,http://www.pod-technologies.com,"CLOUDTECH
"
,https://www.cirrus-shield.fr,"CLOUDTECH
"
,http://www.kizoa.com,"CLOUDTECH
"
,http://www.linkbynet.com,"CLOUDTECH
"
,http://fr.talend.com/,"CLOUDTECH
"
,https://remauth.com,"CLOUDTECH
"
,http://www.jaguar-network.com,"CLOUDTECH
"
,http://incwo.com,"CLOUDTECH
"
,https://nivo.asia,"CLOUDTECH
"
,https://www.particeep.com/fr,"CLOUDTECH
"
,http://www.ovh.it,"CLOUDTECH
"
,http://www.mobiler2d2.com,"CLOUDTECH
"
,http://www.juriscloud.fr,"CLOUDTECH
"
,https://www.linkedin.com/company/kaneoh,"CLOUDTECH
"
,https://fr.outscale.com,"CLOUDTECH
"
,http://frenchapp.fr,"MOBILETECH
"
,http://chlorophyll.chloro.fr/fr/,"MOBILETECH
"
,http://xloudia.com,"MOBILETECH
"
,http://www.nextlevel.asia,"MOBILETECH
"
,http://kisslauncher.com,"MOBILETECH
"
,http://voicepolls.com/,"MOBILETECH
"
,http://heros-pour-de-vrai.com/,"MOBILETECH
"
,http://apple.co/1DoTPKF,"MOBILETECH
"
,http://www.canibal.fr,"3DTECH
"
,https://www.dacopack.com/,"3DTECH
"
,http://www.rhinov.fr/,"3DTECH
"
,http://www.synthes3d.com/,"3DTECH
"
,http://www.aniwaa.com,"3DTECH
"
,http://www.prodways.com/,"3DTECH
"
,http://www.3dslash.net,"3DTECH
"
,http://www.casalink.fr,"3DTECH
"
,http://statuzer.com,"3DTECH
"
,http://myownartgallery.com/,"3DTECH
"
,http://www.snapkin.fr,"3DTECH
"
,http://sketchfab.com,"3DTECH
"
,http://www.3dswipe.com/,"3DTECH
"
,http://the3dshopworld.com,"3DTECH
"
,http://immosquare.com/fr-ca,"3DTECH
"
,http://www.feelobject.fr,"3DTECH
"
,http://www.virdys.fr,"3DTECH
"
,https://cust.cc,"3DTECH
"
,http://www.anatoscope.com,"3DTECH
"
,http://www.lemaitrecube.com,"3DTECH
"
,http://www.textures-saveurs.com,"3DTECH
"
,http://www.fittingbox.com/,"3DTECH
"
,http://cidoolab.com,"3DTECH
"
,http://www.pzartech.com/,"3DTECH
"
,https://facilitatrip.fr,"3DTECH
"
,http://www.silent-space.fr,"3DTECH
"
,http://www.sculpteo.com,"3DTECH
"
,http://www.ipdia.com/,"3DTECH
"
,https://rythm.co,"3DTECH
"
,http://www.algolinked.com,"3DTECH
"
,http://fr.cooltech-applications.com/,"3DTECH
"
,http://nettelo.com,"3DTECH
"
,http://wild-at-heart.net/,"3DTECH
"
,http://atelier-itech.com,"3DTECH
"
,http://www.onlimited.net,"3DTECH
"
,http://www.takoma.fr/,"3DTECH
"
,http://arskan.com,"3DTECH
"
,http://www.bmia.fr,"3DTECH
"
,http://www.lookandbook.fr,"3DTECH
"
,http://www.virtuosgames.com/,"3DTECH
"
,http://www.wizzcad.com,"3DTECH
"
,https://web.uppersafe.com/fr/home,"3DTECH
"
,http://www.messortiesce.Fr,"3DTECH
"
,http://www.9h05.com,"3DTECH
"
,http://sizar.io,"3DTECH
"
,https://www.bejoe.com/,"3DTECH
"
,https://www.webiot.io/,"3DTECH
"
,http://www.chesk.co,"3DTECH
"
,https://www.noa-labs.com,"3DTECH
"
,http://www.habiteo.com,"3DTECH
"
,http://techkidsacademy.com,"3DTECH
"
,http://www.innovisite.com,"3DTECH
"
,http://www.kadri.fr/,"3DTECH
"
,http://www.standardenligne.fr,"CLOUDTECH
"
,http://www.fitnetmanager.com/,"CLOUDTECH
"
,http://quickbooks.intuit.fr/,"CLOUDTECH
"
,https://sora.io/fr/,"CLOUDTECH
"
,http://www.nanocloud.com,"CLOUDTECH
"
,http://www.novaresa.fr,"CLOUDTECH
"
,http://driveyourtools.com,"CLOUDTECH
"
,http://www.btocloud.eu,"CLOUDTECH
"
,http://www.fixweb.fr,"CLOUDTECH
"
,http://www.footovision.com,"CLOUDTECH
"
,https://www.net-c.com,"CLOUDTECH
"
,https://www.alcatel-lucent.com/fr,"CLOUDTECH
"
,https://www.alcatel-lucent.com/fr,"CLOUDTECH
"
,http://www.bricks4business.com/,"CLOUDTECH
"
,http://www.busit.com,"CLOUDTECH
"
,http://www.m-inside.com,"CLOUDTECH
"
,http://www.mediarithmics.com/fr/,"CLOUDTECH
"
,https://www.dropy.com,"CLOUDTECH
"
,http://www.evolix.com/,"CLOUDTECH
"
,http://www.linkpulsion.com,"CLOUDTECH
"
,http://www.cedexis.com/,"CLOUDTECH
"
,http://www.arkadin.co.jp,"CLOUDTECH
"
,https://www.alldonet.com/,"CLOUDTECH
"
,http://www.ring.cx,"CLOUDTECH
"
,https://www.netexplorer.fr/,"CLOUDTECH
"
,http://www.myref.co,"CLOUDTECH
"
,http://www.hub-square.com,"CLOUDTECH
"
,https://www.usharesoft.com/home/,"CLOUDTECH
"
,http://www.clever-cloud.com/,"CLOUDTECH
"
,https://www.sundayhq.com/fr,"CLOUDTECH
"
,http://www.nextlevel.asia,"CLOUDTECH
"
,http://cozy.io/,"CLOUDTECH
"
,http://pydio.com/fr,"CLOUDTECH
"
,http://fr.organilog.com,"CLOUDTECH
"
,https://fr.bimeanalytics.com/,"CLOUDTECH
"
,https://www.let-it-bill.com/fr/accueil/,"CLOUDTECH
"
,http://www.usine.io/,"HARDWARE
"
,http://www.kindo.fr,"MOBILETECH
"
,http://www.smartertime.com,"MOBILETECH
"
,https://www.happydemics.com,"MOBILETECH
"
,http://www.yumii.fr,"MOBILETECH
"
,https://www.lumenaki.com/fr,"MOBILETECH
"
,http://keosu.com,"MOBILETECH
"
,http://pro.myelefant.com/,"MOBILETECH
"
,http://getclother.com,"MOBILETECH
"
,http://liftclub.fr,"MOBILETECH
"
,http://www.twlive.net,"MOBILETECH
"
,http://sidonie.fr,"MOBILETECH
"
,http://www.e-novate.fr/,"MOBILETECH
"
,http://www.zenmobile.fr,"MOBILETECH
"
,http://www.what-the-shop.com/,"MOBILETECH
"
,http://www.bricks4business.com/,"MOBILETECH
"
,http://ferpection.com,"MOBILETECH
"
,https://www.fidesio.com/,"MOBILETECH
"
,http://mozoo.com/,"MOBILETECH
"
,https://www.arkamys.com/,"MOBILETECH
"
,http://sunpartnertechnologies.com,"MOBILETECH
"
,http://www.3dvtech.com/,"3DTECH
"
,http://www.amconsulting-formation.com,"3DTECH
"
,http://www.artgp.fr,"3DTECH
"
,http://www.monportailrh.com/,"3DTECH
"
,http://www.agil.com,"3DTECH
"
,https://cults3d.com,"3DTECH
"
,https://fr.outscale.com,"3DTECH
"
,http://www.gabrielacoca.fr,"3DTECH
"
,http://x3d-group.com/,"3DTECH
"
,http://www.immersive-display.com,"3DTECH
"
,http://pro.myelefant.com/,"3DTECH
"
,http://www.fungolf.com,"3DTECH
"
,http://www.therealrabbit.com,"3DTECH
"
,http://www.vg-sens.com/,"3DTECH
"
,http://eXsens.eu,"3DTECH
"
,http://phonomatiklab.com/,"3DTECH
"
,http://www.ib-advantage.com,"3DTECH
"
,https://www.cutadopters.com,"3DTECH
"
,https://recast.ai,"3DTECH
"
,http://www.widdim.com,"3DTECH
"
,http://www.trackit.io,"CLOUDTECH
"
,http://scalesquad.io,"CLOUDTECH
"
,https://www.atemiscloud.com,"CLOUDTECH
"
,https://www.mobapi.com,"CLOUDTECH
"
,http://www.wizzcad.com,"CLOUDTECH
"
,http://www.pod-technologies.com,"CLOUDTECH
"
,https://www.cirrus-shield.fr,"CLOUDTECH
"
,http://www.kizoa.com,"CLOUDTECH
"
,http://www.linkbynet.com,"CLOUDTECH
"
,http://fr.talend.com/,"CLOUDTECH
"
,https://remauth.com,"CLOUDTECH
"
,http://www.jaguar-network.com,"CLOUDTECH
"
,http://incwo.com,"CLOUDTECH
"
,https://nivo.asia,"CLOUDTECH
"
,https://www.particeep.com/fr,"CLOUDTECH
"
,http://www.ovh.it,"CLOUDTECH
"
,http://www.mobiler2d2.com,"CLOUDTECH
"
,http://www.juriscloud.fr,"CLOUDTECH
"
,https://www.linkedin.com/company/kaneoh,"CLOUDTECH
"
,https://fr.outscale.com,"CLOUDTECH
"
,http://itinsell.com,"3DTECH
"
,http://www.forcity.com,"3DTECH
"
,http://www.rockstart.com,"3DTECH
"
,http://www.wisebim.fr,"3DTECH
"
,https://www.reprap-france.com/,"3DTECH
"
,http://www.freelabster.com,"3DTECH
"
,http://www.axbx.com,"3DTECH
"
,http://iline-studios.com/,"3DTECH
"
,http://www.siweb.fr,"3DTECH
"
,http://pixxim.fr,"3DTECH
"
,https://getbly.com,"3DTECH
"
,http://hapticmedia.fr/,"3DTECH
"
,http://www.mydecocloud.com,"3DTECH
"
,http://www.wirelessvr.net,"3DTECH
"
,http://www.emmobilier.fr,"3DTECH
"
,http://www.preppysport.com,"3DTECH
"
,https://www.econocom.com,"3DTECH
"
,http://fitle.com,"3DTECH
"
,http://www.rendr.fr,"3DTECH
"
,https://www.3dscope.fr/,"3DTECH
"
,http://www.onlimited.net,"HARDWARE
"
,https://www.webiot.io/,"HARDWARE
"
,https://www.noa-labs.com,"HARDWARE
"
,http://www.maskgeneration.com,"HARDWARE
"
,http://www.immersit.fr,"HARDWARE
"
,http://www.e-takescare.com/,"HARDWARE
"
,http://ondilo.com,"HARDWARE
"
,https://robeen-box.fr/,"HARDWARE
"
,http://www.robeen-box.fr,"HARDWARE
"
,http://www.spino.tech,"HARDWARE
"
,http://www.djit.fr/,"HARDWARE
"
,https://twitter.com/meetworkshop,"HARDWARE
"
,http://www.ubik.com.tw,"HARDWARE
"
,http://knotcity.com,"HARDWARE
"
,http://www.seed-up.io,"HARDWARE
"
,http://www.saagie.com,"HARDWARE
"
,http://sprnv.com/,"HARDWARE
"
,https://rythm.co,"HARDWARE
"
,http://myniu.fr/,"HARDWARE
"
,http://www.wekast.com,"HARDWARE
"
,https://beta.realie.xyz,"3DTECH
"
,http://www.conseil3d.com,"3DTECH
"
,http://www.myclassevirtuelle.com,"3DTECH
"
,http://www.immersive-ways.com,"3DTECH
"
,http://www.eden-3d.org,"3DTECH
"
,http://SCANMYPLACE.COM,"3DTECH
"
,http://hapticmedia.fr,"3DTECH
"
,http://www.bigmouthcorp.com,"3DTECH
"
,http://www.visiopm.com,"3DTECH
"
,http://www.WebMy3D.com,"3DTECH
"
,https://www.design-screen.com/,"3DTECH
"
,https://www.3d-varius.com,"3DTECH
"
,http://www.technsmile.com,"3DTECH
"
,http://www.stereograph-group.com,"3DTECH
"
,http://www.greenberry.io,"3DTECH
"
,http://www.resolving.com,"3DTECH
"
,http://orpheogroup.com/it/,"3DTECH
"
,http://www.wizyfab.com,"3DTECH
"
,http://www.perspective-s.org,"3DTECH
"
,http://bear2b.com,"3DTECH
"
,http://www.myclassevirtuelle.com,"ELEARNING
"
,http://gestiondeprojet.rezolocal.com,"ELEARNING
"
,http://pluggedhead.com/,"ELEARNING
"
,https://www.codingame.com,"ELEARNING
"
,https://www.myguitare.com/,"ELEARNING
"
,http://www.smart-me-up.com,"ELEARNING
"
,http://www.elearn2grow.com/,"ELEARNING
"
,https://open.crea-learning.com/,"ELEARNING
"
,http://www.sourdoues.com,"ELEARNING
"
,http://www.wenow.com,"ELEARNING
"
,http://ninchanese.com/,"ELEARNING
"
,http://www.jaimemesplantes.fr/,"JOBTECH
"
,http://job4.fr,"JOBTECH
"
,http://www.workuper.com/,"JOBTECH
"
,http://www.workiz.com,"JOBTECH
"
,http://www.refer-me-please.com,"JOBTECH
"
,http://www.goldenbees.fr,"JOBTECH
"
,http://www.jobtruster.com,"JOBTECH
"
,http://www.bowkr.com,"JOBTECH
"
,http://www.404works.com,"JOBTECH
"
,http://www.indusio.Fr,"JOBTECH
"
,http://www.jobbons.com/,"JOBTECH
"
,http://www.coindusalarie.fr,"JOBTECH
"
,http://www.meetmyjob.fr/fr/,"JOBTECH
"
,http://www.gad-delta.fr,"OFFICETECH
"
,http://www.petitplus.xyz,"WEBTECH
"
,http://www.heureux-en-retraite.com/,"WEBTECH
"
,http://www.rejoindre-plus-que-pro.fr,"WEBTECH
"
,http://www.louerdehors.com,"WEBTECH
"
,http://www.delaplace.pro,"WEBTECH
"
,http://impala.in,"WEBTECH
"
,https://www.openloge.fr,"WEBTECH
"
,http://www.mycloclo.com,"WEBTECH
"
,http://www.kadri.fr/,"WEBTECH
"
,https://beta.realie.xyz,"WEBTECH
"
,https://leak.watch,"WEBTECH
"
,http://www.forcity.com,"WEBTECH
"
,http://www.facil-iti.com,"WEBTECH
"
,http://www.tripsylon.com,"WEBTECH
"
,https://www.prescrit.io/,"WEBTECH
"
,http://www.olympp.fr,"WEBTECH
"
,https://www.scoledge.com,"WEBTECH
"
,http://www.finebird.com,"WEBTECH
"
,http://www.TrumpVsClinton.site,"WEBTECH
"
,https://www.larger.io,"WEBTECH
"
,https://referencement-pme.ca/,"SEOTECH
"
,http://mazen-app.com,"SEOTECH
"
,http://www.natural-solutions.eu/,"SEOTECH
"
,https://www.primelis.com/,"SEOTECH
"
,https://www.domraider.com,"SEOTECH
"
,http://www.netref.fr,"SEOTECH
"
,http://culturesconnection.com/,"SEOTECH
"
,http://tools.ozae.com/fr,"SEOTECH
"
,http://packref.seopowa.com/,"SEOTECH
"
,http://SmartKeyword.io,"SEOTECH
"
,http://fr.mobile-tester.com,"SEOTECH
"
,https://verticalsystem.net/gestion-informatique-web.asp,"SEOTECH
"
,http://www.netixy.com,"SEOTECH
"
,http://verticalsystem.net,"SEOTECH
"
,http://www.social-maker.com,"SEOTECH
"
,http://www.social-buzz.fr,"SEOTECH
"
,http://www.semly.io,"SEOTECH
"
,http://www.edit-place.com,"SEOTECH
"
,http://wild-at-heart.net/,"SEOTECH
"
,http://www.geolid.com/,"SEOTECH
"
,https://holyvent.com,"STREAMINGTECH
"
,http://arskan.com,"STREAMINGTECH
"
,http://msstream.net,"STREAMINGTECH
"
,http://www.wirelessvr.net,"STREAMINGTECH
"
,http://www.deezer.com,"STREAMINGTECH
"
,http://wetube.io,"STREAMINGTECH
"
,http://www.blitzr.com,"STREAMINGTECH
"
,http://fr.carnetdemode.com/,"WEBTECH
"
,http://www.jamshake.com,"WEBTECH
"
,http://www.monmaitrecarre.com,"WEBTECH
"
,http://www.e-works.fr,"WEBTECH
"
,http://www.speedphoning.com,"WEBTECH
"
,http://www.tictacformation.fr,"WEBTECH
"
,https://checkmy.ws/fr/,"WEBTECH
"
,http://indiestep.com,"CULTURETECH
"
,http://www.bookdoreille.com,"CULTURETECH
"
,https://indi-ticket.fr,"CULTURETECH
"
,http://orpheogroup.com/it/,"CULTURETECH
"
,http://www.guidefest.com,"CULTURETECH
"
,http://www.fancycellar.com/,"CULTURETECH
"
,http://www.artgp.fr,"CULTURETECH
"
,http://www.jobculture.fr,"CULTURETECH
"
,http://www.xandrie.com,"CULTURETECH
"
,http://virgile-guide.com,"CULTURETECH
"
,http://www.gabrielacoca.fr,"CULTURETECH
"
,http://www.deezer.com,"CULTURETECH
"
,https://www.walkmysteps.com/fr,"CULTURETECH
"
,http://www.hobiwi.com,"CULTURETECH
"
,http://www.booxup.com,"CULTURETECH
"
,https://www.teekeo.com/home,"CULTURETECH
"
,http://www.yumii.fr,"CULTURETECH
"
,http://www.sutterevent.com,"CULTURETECH
"
,http://www.voxmapp.com,"CULTURETECH
"
,https://www.facebook.com/PriseParis/,"CULTURETECH
"
,http://www.seo4ajax.com/,"SEOTECH
"
,https://www.dareboost.com/fr/,"SEOTECH
"
,http://www.montrafic.fr,"SEOTECH
"
,http://www.netref.fr,"WEBTECH
"
,http://culturesconnection.com/,"WEBTECH
"
,http://www.linscription.com,"WEBTECH
"
,http://www.yumii.fr,"WEBTECH
"
,http://www.kin.today,"WEBTECH
"
,https://jesorsenville.com,"WEBTECH
"
,http://www.splendy.fr,"WEBTECH
"
,https://www.e-connecteur.fr,"WEBTECH
"
,https://clocktweets.com/fr/,"WEBTECH
"
,http://workswin.com,"WEBTECH
"
,https://gokyma.com,"WEBTECH
"
,https://oclock.io/,"WEBTECH
"
,http://www.trocwine.com,"WEBTECH
"
,https://www.politizr.com,"WEBTECH
"
,http://www.spreadfamily.fr/,"WEBTECH
"
,http://positivr.fr/,"WEBTECH
"
,http://www.web-paca.fr,"WEBTECH
"
,http://www.sporteasy.net,"WEBTECH
"
,http://cocolabs.io/,"WEBTECH
"
,http://www.social-maker.com,"WEBTECH
"
,http://www.fixweb.fr,"WEBTECH
"
,http://www.photopresta.fr,"WEBTECH
"
,http://lespepitestech.com/En%2520maintenance,"WEBTECH
"
,http://www.fitnhotel.com,"WEBTECH
"
,http://www.gyroscope.fr/,"WEBTECH
"
,https://www.pick-in.com,"WEBTECH
"
,https://www.net-c.com,"WEBTECH
"
,http://www.wibulle.fr,"WEBTECH
"
,http://immosquare.com/fr-ca,"WEBTECH
"
,https://www.kookooning.com/,"WEBTECH
"
,http://www.placedumariage.fr,"WEBTECH
"
,http://www.sergentweb.com,"WEBTECH
"
,https://www.dropy.com,"WEBTECH
"
,https://opside.co/,"WEBTECH
"
,https://peepolls.com,"WEBTECH
"
,http://netpom-web-agency.com/,"WEBTECH
"
,http://www.casinosavenue.com,"WEBTECH
"
,http://www.loginpeople.com,"WEBTECH
"
,http://ekylibre.com,"WEBTECH
"
,https://www.dacopack.com/,"WEBTECH
"
,http://www.meatifashion.com,"CULTURETECH
"
,http://www.unefeteundevis.com,"CULTURETECH
"
,http://www.visiteoo.fr,"CULTURETECH
"
,http://www.lepetitjournal.com/hong-kong,"CULTURETECH
"
,https://www.livre-mois.fr,"CULTURETECH
"
,http://www.heyjack.co/,"CULTURETECH
"
,http://www.buymedesign.com,"CULTURETECH
"
,http://www.whisperies.com,"CULTURETECH
"
,http://artloverplace.com,"CULTURETECH
"
,http://www.artkidsparis.com/fr/index.php,"CULTURETECH
"
,http://myownartgallery.com/,"CULTURETECH
"
,http://www.mapado.com/,"CULTURETECH
"
,http://www.swingli.com/,"CULTURETECH
"
,https://laboxculturelle.com/,"CULTURETECH
"
,https://www.otheatro.com/,"CULTURETECH
"
,http://www.petitplus.xyz,"WEBTECH
"
,http://www.heureux-en-retraite.com/,"WEBTECH
"
,http://www.rejoindre-plus-que-pro.fr,"WEBTECH
"
,http://www.louerdehors.com,"WEBTECH
"
,http://www.delaplace.pro,"WEBTECH
"
,http://impala.in,"WEBTECH
"
,https://www.openloge.fr,"WEBTECH
"
,http://www.mycloclo.com,"WEBTECH
"
,http://www.kadri.fr/,"WEBTECH
"
,https://beta.realie.xyz,"WEBTECH
"
,https://leak.watch,"WEBTECH
"
,http://www.forcity.com,"WEBTECH
"
,http://www.facil-iti.com,"WEBTECH
"
,http://www.tripsylon.com,"WEBTECH
"
,https://www.prescrit.io/,"WEBTECH
"
,http://www.olympp.fr,"WEBTECH
"
,https://www.scoledge.com,"WEBTECH
"
,http://www.finebird.com,"WEBTECH
"
,http://www.TrumpVsClinton.site,"WEBTECH
"
,https://www.larger.io,"WEBTECH
"
,https://referencement-pme.ca/,"SEOTECH
"
,http://mazen-app.com,"SEOTECH
"
,http://www.natural-solutions.eu/,"SEOTECH
"
,https://www.primelis.com/,"SEOTECH
"
,https://www.domraider.com,"SEOTECH
"
,http://www.netref.fr,"SEOTECH
"
,http://culturesconnection.com/,"SEOTECH
"
,http://tools.ozae.com/fr,"SEOTECH
"
,http://packref.seopowa.com/,"SEOTECH
"
,http://SmartKeyword.io,"SEOTECH
"
,http://fr.mobile-tester.com,"SEOTECH
"
,https://verticalsystem.net/gestion-informatique-web.asp,"SEOTECH
"
,http://www.netixy.com,"SEOTECH
"
,http://verticalsystem.net,"SEOTECH
"
,http://www.social-maker.com,"SEOTECH
"
,http://www.social-buzz.fr,"SEOTECH
"
,http://www.semly.io,"SEOTECH
"
,http://www.edit-place.com,"SEOTECH
"
,http://wild-at-heart.net/,"SEOTECH
"
,http://www.geolid.com/,"SEOTECH
"
,http://www.agree-app.com/,"TVTECH
"
,https://www.dailydinities.fr,"TVTECH
"
,https://www.offresasaisir.fr,"TVTECH
"
,http://www.folklor.it,"TVTECH
"
,http://www.miabox.tv,"TVTECH
"
,http://www.utelly.com/,"TVTECH
"
,http://neotion.fr,"TVTECH
"
,http://www.enensys.com,"TVTECH
"
,http://touslesinternets.arte.tv/#/fr,"TVTECH
"
,http://zoom.francetv.fr/,"TVTECH
"
,http://www.petitplus.xyz,"DESIGNTECH
"
,http://www.era-comm.com,"DESIGNTECH
"
,http://www.graphic-generation.com,"DESIGNTECH
"
,http://www.happydesign.net/,"DESIGNTECH
"
,http://www.sound-to-sight.com/,"DESIGNTECH
"
,https://www.noa-labs.com,"DESIGNTECH
"
,https://www.valtech.fr,"DESIGNTECH
"
,https://beta.realie.xyz,"DESIGNTECH
"
,http://wolfox.co,"DESIGNTECH
"
,http://www.jesuisencours.com,"DESIGNTECH
"
,http://www.leet-design.com,"DESIGNTECH
"
,http://www.wizyfab.com,"DESIGNTECH
"
,http://www.aptiko.com/,"DESIGNTECH
"
,http://www.tripsylon.com,"DESIGNTECH
"
,http://www.hubin.co,"DESIGNTECH
"
,http://www.ju-ke.co,"DESIGNTECH
"
,https://cults3d.com,"DESIGNTECH
"
,http://www.therealrabbit.com,"DESIGNTECH
"
,http://www.ticatag.com,"DESIGNTECH
"
,https://www.dougs.fr,"DESIGNTECH
"
,http://www.horseit.fr/,"MEDIATECH
"
,https://holyvent.com,"MEDIATECH
"
,http://www.frenchpulse.com,"MEDIATECH
"
,http://www.kubakub.com,"MEDIATECH
"
,https://tokster.com,"MEDIATECH
"
,http://www.immersive-ways.com,"MEDIATECH
"
,http://app.folklor.it,"MEDIATECH
"
,https://www.dailydinities.fr,"MEDIATECH
"
,http://aseanup.com/,"MEDIATECH
"
,https://www.leslettrespersanes.fr/,"MEDIATECH
"
,https://ledrenche.fr,"MEDIATECH
"
,https://www.leedstime.com,"MEDIATECH
"
,http://www.rugbycleek.com/,"MEDIATECH
"
,http://www.interactive-mobility.com/,"MEDIATECH
"
,http://www.usmile.co,"MEDIATECH
"
,http://www.dialogfeed.com,"MEDIATECH
"
,http://www.blackbeautyradar.fr,"MEDIATECH
"
,https://www.festicket.com/,"MEDIATECH
"
,http://www.aboweb.com,"MEDIATECH
"
,http://www.surf-me.com,"MEDIATECH
"
,http://indiestep.com,"CULTURETECH
"
,http://www.bookdoreille.com,"CULTURETECH
"
,https://indi-ticket.fr,"CULTURETECH
"
,http://orpheogroup.com/it/,"CULTURETECH
"
,http://www.guidefest.com,"CULTURETECH
"
,http://www.fancycellar.com/,"CULTURETECH
"
,http://www.artgp.fr,"CULTURETECH
"
,http://www.jobculture.fr,"CULTURETECH
"
,http://www.xandrie.com,"CULTURETECH
"
,http://virgile-guide.com,"CULTURETECH
"
,http://www.gabrielacoca.fr,"CULTURETECH
"
,http://www.deezer.com,"CULTURETECH
"
,https://www.walkmysteps.com/fr,"CULTURETECH
"
,http://www.hobiwi.com,"CULTURETECH
"
,http://www.booxup.com,"CULTURETECH
"
,https://www.teekeo.com/home,"CULTURETECH
"
,http://www.yumii.fr,"CULTURETECH
"
,http://www.sutterevent.com,"CULTURETECH
"
,http://www.voxmapp.com,"CULTURETECH
"
,https://www.facebook.com/PriseParis/,"CULTURETECH
"
,http://www.clipeyz.com,"CAMERATECH
"
,http://SCANMYPLACE.COM,"CAMERATECH
"
,http://steadxp.com/,"CAMERATECH
"
,http://copeeks.fr/,"CAMERATECH
"
,http://www.diodon-drone.com/fr/,"CAMERATECH
"
,http://www.merrypixel.com,"CAMERATECH
"
,http://www.giroptic.com,"CAMERATECH
"
,http://www.mycloclo.com,"VIDEOTECH
"
,http://www.hexadrone.fr,"VIDEOTECH
"
,http://www.kizoa.com,"VIDEOTECH
"
,http://www.meteojob.com,"VIDEOTECH
"
,https://www.design-screen.com/,"VIDEOTECH
"
,http://www.rushmix.com,"VIDEOTECH
"
,http://enlaps.io,"VIDEOTECH
"
,https://livestorm.co,"VIDEOTECH
"
,http://www.kalyzee.com,"VIDEOTECH
"
,http://www.easy.movie/fr/,"VIDEOTECH
"
,https://vis.io,"VIDEOTECH
"
,http://o-technology.fr,"VIDEOTECH
"
,http://www.ccl-live.fr,"VIDEOTECH
"
,http://www.loomup.fr,"VIDEOTECH
"
,https://www.strime.io,"VIDEOTECH
"
,http://www.popotte.tv,"VIDEOTECH
"
,http://www.vrvprod.fr,"VIDEOTECH
"
,http://www.miabox.tv,"VIDEOTECH
"
,http://get.alertfilm.com,"VIDEOTECH
"
,https://opside.co/,"VIDEOTECH
"
,http://www.welcometothejungle.co/,"MEDIATECH
"
,http://frenchdistrict.com/,"MEDIATECH
"
,https://www.french-connect.com/index,"MEDIATECH
"
,http://www.dicorico.com/,"MEDIATECH
"
,http://geeksincambodia.com/,"MEDIATECH
"
,http://cognik.net,"MEDIATECH
"
,https://www.youtube.com/channel/UClqiIRNDmJ9dkBDi_YEiKrA,"MEDIATECH
"
,https://thebookofeveryone.com,"MEDIATECH
"
,http://www.skylads.com/,"MEDIATECH
"
,https://pictawall.com/,"MEDIATECH
"
,http://www.corner-media.co.uk,"MEDIATECH
"
,http://www.hiveworks.co.uk,"MEDIATECH
"
,http://linkfluence.com/en/,"MEDIATECH
"
,http://lapresstech.co/,"MEDIATECH
"
,http://www.valueyournetwork.com/,"MEDIATECH
"
,http://www.digitalbusinessnews.com,"MEDIATECH
"
,http://onrewind.tv,"MEDIATECH
"
,http://storiesforhumanity.com/,"MEDIATECH
"
,http://positivr.fr/,"MEDIATECH
"
,http://www.cronycle.com,"MEDIATECH
"
,https://holimetrix.com/,"MEDIATECH
"
,http://www.fosburit.com,"MEDIATECH
"
,http://www.epresse.fr,"MEDIATECH
"
,https://www.skop.io,"MEDIATECH
"
,http://cliclic.tv,"MEDIATECH
"
,https://sigilium.com,"MEDIATECH
"
,http://www.wibulle.fr,"MEDIATECH
"
,http://www.folklor.it,"MEDIATECH
"
,http://adequat.io,"MEDIATECH
"
,https://www.pickandpow.com/fr/,"MEDIATECH
"
,http://www.rentez-vous.com,"MEDIATECH
"
,http://perfect-memory.com,"MEDIATECH
"
,http://www.placedumariage.fr,"MEDIATECH
"
,http://get.alertfilm.com,"MEDIATECH
"
,http://bit.ly/HelloMyNameisRive,"MEDIATECH
"
,http://www.lespepitestech.com,"MEDIATECH
"
,http://www.textures-saveurs.com,"MEDIATECH
"
,http://urban-circus.fr/,"DESIGNTECH
"
,http://www.feelobject.fr,"DESIGNTECH
"
,http://greenbureau.com,"DESIGNTECH
"
,http://www.cg-mobile.com,"DESIGNTECH
"
,https://cust.cc,"DESIGNTECH
"
,http://www.meatifashion.com,"DESIGNTECH
"
,http://www.lemaitrecube.com,"DESIGNTECH
"
,http://www.textures-saveurs.com,"DESIGNTECH
"
,http://www.bebride.com/,"DESIGNTECH
"
,http://myows.com,"DESIGNTECH
"
,https://www.moteefe.com,"DESIGNTECH
"
,http://fr.mokee.eu/,"DESIGNTECH
"
,http://www.made.com,"DESIGNTECH
"
,http://www.optis-world.com/,"DESIGNTECH
"
,https://rythm.co,"DESIGNTECH
"
,http://www.design-market.fr,"DESIGNTECH
"
,http://www.frenchwink.com,"DESIGNTECH
"
,http://www.monmaitrecarre.com,"DESIGNTECH
"
,http://zelip.co/,"DESIGNTECH
"
,http://beta.vizir.co/,"DESIGNTECH
"
,https://www.youtube.com/channel/UClqiIRNDmJ9dkBDi_YEiKrA,"VIDEOTECH
"
,http://www.enensys.com,"VIDEOTECH
"
,http://yapiko-animation.com,"VIDEOTECH
"
,http://igg.me/at/thatslick/x,"VIDEOTECH
"
,http://www.digitalbusinessnews.com,"VIDEOTECH
"
,https://www.ily.co/,"VIDEOTECH
"
,http://www.pitchy.fr,"VIDEOTECH
"
,http://www.mediabong.com/,"VIDEOTECH
"
,http://www.soapapp.co/,"VIDEOTECH
"
,http://www.mojjo.fr/,"VIDEOTECH
"
,https://racontr.com,"VIDEOTECH
"
,http://adways-studio.com/fr/,"VIDEOTECH
"
,http://owlperception.com/,"VIDEOTECH
"
,https://explee.com/fr/,"VIDEOTECH
"
,Http://itwapp.io/fr,"VIDEOTECH
"
,http://seeqle.com/,"VIDEOTECH
"
,http://www.horseit.fr/,"MEDIATECH
"
,https://holyvent.com,"MEDIATECH
"
,http://www.frenchpulse.com,"MEDIATECH
"
,http://www.kubakub.com,"MEDIATECH
"
,https://tokster.com,"MEDIATECH
"
,http://www.immersive-ways.com,"MEDIATECH
"
,http://app.folklor.it,"MEDIATECH
"
,https://www.dailydinities.fr,"MEDIATECH
"
,http://aseanup.com/,"MEDIATECH
"
,https://www.leslettrespersanes.fr/,"MEDIATECH
"
,https://ledrenche.fr,"MEDIATECH
"
,https://www.leedstime.com,"MEDIATECH
"
,http://www.rugbycleek.com/,"MEDIATECH
"
,http://www.interactive-mobility.com/,"MEDIATECH
"
,http://www.usmile.co,"MEDIATECH
"
,http://www.dialogfeed.com,"MEDIATECH
"
,http://www.blackbeautyradar.fr,"MEDIATECH
"
,https://www.festicket.com/,"MEDIATECH
"
,http://www.aboweb.com,"MEDIATECH
"
,http://www.surf-me.com,"MEDIATECH
"
,http://www.petitplus.xyz,"DESIGNTECH
"
,http://www.era-comm.com,"DESIGNTECH
"
,http://www.graphic-generation.com,"DESIGNTECH
"
,http://www.happydesign.net/,"DESIGNTECH
"
,http://www.sound-to-sight.com/,"DESIGNTECH
"
,https://www.noa-labs.com,"DESIGNTECH
"
,https://www.valtech.fr,"DESIGNTECH
"
,https://beta.realie.xyz,"DESIGNTECH
"
,http://wolfox.co,"DESIGNTECH
"
,http://www.jesuisencours.com,"DESIGNTECH
"
,http://www.leet-design.com,"DESIGNTECH
"
,http://www.wizyfab.com,"DESIGNTECH
"
,http://www.aptiko.com/,"DESIGNTECH
"
,http://www.tripsylon.com,"DESIGNTECH
"
,http://www.hubin.co,"DESIGNTECH
"
,http://www.ju-ke.co,"DESIGNTECH
"
,https://cults3d.com,"DESIGNTECH
"
,http://www.therealrabbit.com,"DESIGNTECH
"
,http://www.ticatag.com,"DESIGNTECH
"
,https://www.dougs.fr,"DESIGNTECH
"
,https://imatag.com/,"PHOTOTECH
"
,http://www.fr.everphotoshoot.com,"PHOTOTECH
"
,http://www.kizoa.com,"PHOTOTECH
"
,http://www.emmobilier.fr,"PHOTOTECH
"
,http://www.gabrielacoca.fr,"PHOTOTECH
"
,http://www.ooshot.com,"PHOTOTECH
"
,https://gokyma.com,"PHOTOTECH
"
,https://pocpic.com/,"PHOTOTECH
"
,http://www.photopresta.fr,"PHOTOTECH
"
,http://bit.ly/PhotographieDirect,"PHOTOTECH
"
,http://www.tapcards.fr,"PHOTOTECH
"
,http://myows.com,"PHOTOTECH
"
,http://www.diune.com/,"PHOTOTECH
"
,http://www.fotozino.com/fotozino.php,"PHOTOTECH
"
,https://photonomie.com,"PHOTOTECH
"
,http://www.toffapp.co/fr,"PHOTOTECH
"
,http://shootailor.com/,"PHOTOTECH
"
,http://lancement.flip-7.fr/,"PHOTOTECH
"
,https://www.sundayhq.com/fr,"PHOTOTECH
"
,http://get.tricy.io/lespepitestech,"PHOTOTECH
"
,http://www.mycloclo.com,"VIDEOTECH
"
,http://www.hexadrone.fr,"VIDEOTECH
"
,http://www.kizoa.com,"VIDEOTECH
"
,http://www.meteojob.com,"VIDEOTECH
"
,https://www.design-screen.com/,"VIDEOTECH
"
,http://www.rushmix.com,"VIDEOTECH
"
,http://enlaps.io,"VIDEOTECH
"
,https://livestorm.co,"VIDEOTECH
"
,http://www.kalyzee.com,"VIDEOTECH
"
,http://www.easy.movie/fr/,"VIDEOTECH
"
,https://vis.io,"VIDEOTECH
"
,http://o-technology.fr,"VIDEOTECH
"
,http://www.ccl-live.fr,"VIDEOTECH
"
,http://www.loomup.fr,"VIDEOTECH
"
,https://www.strime.io,"VIDEOTECH
"
,http://www.popotte.tv,"VIDEOTECH
"
,http://www.vrvprod.fr,"VIDEOTECH
"
,http://www.miabox.tv,"VIDEOTECH
"
,http://get.alertfilm.com,"VIDEOTECH
"
,https://opside.co/,"VIDEOTECH
"
,http://www.arvey.fr,"VTCTECH
"
,http://adsonboard.com,"VTCTECH
"
,http://www.letaximetre.fr,"VTCTECH
"
,http://www.vtc-booking.com,"VTCTECH
"
,http://www.snapcar.com/app,"VTCTECH
"
,http://www.incab.fr,"VTCTECH
"
,http://www.kelchauffeur.com,"VTCTECH
"
,http://ecota.co,"VTCTECH
"
,http://www.delair-tech.com,"DRONETECH
"
,http://www.airborne-concept.com/,"DRONETECH
"
,http://www.hexadrone.fr,"DRONETECH
"
,http://www.donecle.com,"DRONETECH
"
,http://www.aeromapper.com,"DRONETECH
"
,https://minutedrone.com/,"DRONETECH
"
,http://www.studiosport.fr,"DRONETECH
"
,http://www.ccl-live.fr,"DRONETECH
"
,http://www.diodon-drone.com/fr/,"DRONETECH
"
,http://www.work4drones.com,"DRONETECH
"
,https://www.neva-aero.com,"DRONETECH
"
,http://www.mybionicbird.com/?lang=en,"DRONETECH
"
,http://www.calso.co,"DRONETECH
"
,http://www.redbird.fr/en,"DRONETECH
"
,http://www.airspectral.com,"DRONETECH
"
,http://www.psa-entreprise.fr/malou-tech/securite.php,"DRONETECH
"
,http://hexoplus.com/,"DRONETECH
"
,http://www.pixwork.org,"PHOTOTECH
"
,http://crossroad.io,"PHOTOTECH
"
,http://www.sharingbox.fr/fr,"PHOTOTECH
"
,http://www.flashgap.com,"PHOTOTECH
"
,http://portrait2point0.com,"PHOTOTECH
"
,http://www.certifian.com,"CRMTECH
"
,https://www.atemiscloud.com,"CRMTECH
"
,http://hub-score.com/en/,"CRMTECH
"
,http://www.curiositychina.com,"CRMTECH
"
,http://www.equancy.com.cn,"CRMTECH
"
,http://www.dimelo.com,"CRMTECH
"
,http://www.chesk.co,"CRMTECH
"
,https://www.cirrus-shield.fr,"CRMTECH
"
,http://www.iabako.com,"CRMTECH
"
,https://www.hopcrm.com/,"CRMTECH
"
,http://russell.ca,"CRMTECH
"
,http://matchupbox.com/,"CRMTECH
"
,http://www.oplead.com,"CRMTECH
"
,https://www.capsiel.fr,"CRMTECH
"
,http://incwo.com,"CRMTECH
"
,http://www.phoceis.com,"CRMTECH
"
,http://www.fidelisa.com,"CRMTECH
"
,https://www.bluenote-systems.com,"CRMTECH
"
,http://www.eudoweb.com,"CRMTECH
"
,https://www.pme-crm.fr,"CRMTECH
"
,http://www.madeinvote.com,"RETAILTECH
"
,https://www.mytraffic.fr,"RETAILTECH
"
,https://potloc.com/,"RETAILTECH
"
,http://externis.com/fr/,"RETAILTECH
"
,http://www.early-birds.fr/,"RETAILTECH
"
,https://www.event-bots.com,"RETAILTECH
"
,http://pricecomparator.pro/,"RETAILTECH
"
,http://myjomo.fr,"RETAILTECH
"
,http://www.embisphere.com,"RETAILTECH
"
,https://www.previly.com/,"RETAILTECH
"
,http://www.leroymerlin.fr,"RETAILTECH
"
,http://www.trfretail.com,"RETAILTECH
"
,http://www.fidelisa.com,"RETAILTECH
"
,http://myboxcorner.co,"RETAILTECH
"
,http://instantjob.fr,"RETAILTECH
"
,http://www.getubiq.com,"RETAILTECH
"
,http://www.blog.slms.fr,"RETAILTECH
"
,http://askanna.me/,"RETAILTECH
"
,http://www.openfieldlive.com/,"RETAILTECH
"
,https://potloc.com,"RETAILTECH
"
,https://imatag.com/,"PHOTOTECH
"
,http://www.fr.everphotoshoot.com,"PHOTOTECH
"
,http://www.kizoa.com,"PHOTOTECH
"
,http://www.emmobilier.fr,"PHOTOTECH
"
,http://www.gabrielacoca.fr,"PHOTOTECH
"
,http://www.ooshot.com,"PHOTOTECH
"
,https://gokyma.com,"PHOTOTECH
"
,https://pocpic.com/,"PHOTOTECH
"
,http://www.photopresta.fr,"PHOTOTECH
"
,http://bit.ly/PhotographieDirect,"PHOTOTECH
"
,http://www.tapcards.fr,"PHOTOTECH
"
,http://myows.com,"PHOTOTECH
"
,http://www.diune.com/,"PHOTOTECH
"
,http://www.fotozino.com/fotozino.php,"PHOTOTECH
"
,https://photonomie.com,"PHOTOTECH
"
,http://www.toffapp.co/fr,"PHOTOTECH
"
,http://shootailor.com/,"PHOTOTECH
"
,http://lancement.flip-7.fr/,"PHOTOTECH
"
,https://www.sundayhq.com/fr,"PHOTOTECH
"
,http://get.tricy.io/lespepitestech,"PHOTOTECH
"
,http://mozoo.com/,"CRMTECH
"
,http://www.evercontact.com,"CRMTECH
"
,http://www.nomalys.com,"CRMTECH
"
,http://crmble.fr,"CRMTECH
"
,http://www.tellmeplus.com/,"CRMTECH
"
,http://www.mynelis.com/fr/,"CRMTECH
"
,https://www.sellsy.fr/,"CRMTECH
"
,http://www.accengage.com/,"CRMTECH
"
,http://www.the-beacons.com,"CRMTECH
"
,http://hipush.com,"CRMTECH
"
,http://www.spreadfamily.fr/,"CRMTECH
"
,http://www.loomup.fr,"CRMTECH
"
,http://www.kwalys.com,"CRMTECH
"
,http://www.temelio.com,"CRMTECH
"
,http://www.openfieldlive.com/,"CRMTECH
"
,http://www.kwalys.com/,"CRMTECH
"
,http://digitaltestcenter.com,"CRMTECH
"
,http://tech4team.fr,"CRMTECH
"
,https://www.eulerian.com/,"CRMTECH
"
,http://www.smartisi.com,"CRMTECH
"
,http://www.iid-app.com,"CRMTECH
"
,http://www.bricks4business.com/,"CRMTECH
"
,http://www.dawaq.fr,"CRMTECH
"
,http://www.kippme.fr,"CRMTECH
"
,http://www.7circles.com,"CRMTECH
"
,http://www.ubuduasia.com,"CRMTECH
"
,http://bluebe.fr/,"CRMTECH
"
,http://www.euris.com,"CRMTECH
"
,http://www.lookforwardproject.com/,"RETAILTECH
"
,http://www.certifian.com,"CRMTECH
"
,https://www.atemiscloud.com,"CRMTECH
"
,http://hub-score.com/en/,"CRMTECH
"
,http://www.curiositychina.com,"CRMTECH
"
,http://www.equancy.com.cn,"CRMTECH
"
,http://www.dimelo.com,"CRMTECH
"
,http://www.chesk.co,"CRMTECH
"
,https://www.cirrus-shield.fr,"CRMTECH
"
,http://www.iabako.com,"CRMTECH
"
,https://www.hopcrm.com/,"CRMTECH
"
,http://russell.ca,"CRMTECH
"
,http://matchupbox.com/,"CRMTECH
"
,http://www.oplead.com,"CRMTECH
"
,https://www.capsiel.fr,"CRMTECH
"
,http://incwo.com,"CRMTECH
"
,http://www.phoceis.com,"CRMTECH
"
,http://www.fidelisa.com,"CRMTECH
"
,https://www.bluenote-systems.com,"CRMTECH
"
,http://www.eudoweb.com,"CRMTECH
"
,https://www.pme-crm.fr,"CRMTECH
"
,http://soyooz-pro.com,"RETAILTECH
"
,http://www.roxwhale.com,"RETAILTECH
"
,http://www.what-the-shop.com/,"RETAILTECH
"
,http://www.accentis.ru/#!home-en/c1b1r,"RETAILTECH
"
,http://masutado.com/,"RETAILTECH
"
,http://fr.paarly.com/,"RETAILTECH
"
,http://www.simplifield.com,"RETAILTECH
"
,http://www.carlipa.com/en/,"RETAILTECH
"
,http://www.ubuduasia.com,"RETAILTECH
"
,http://www.mirakl.com,"RETAILTECH
"
,http://www.tagby.com,"RETAILTECH
"
,http://www.tangibledisplay.com,"RETAILTECH
"
,http://www.mobeye-app.com,"RETAILTECH
"
,http://www.shoprunback.com/,"RETAILTECH
"
,http://www.nextlevel.asia,"RETAILTECH
"
,http://locarise.com/,"RETAILTECH
"
,http://www.design-market.fr,"RETAILTECH
"
,http://www.frenchwink.com,"RETAILTECH
"
,http://www.thestorefront.com,"RETAILTECH
"
,http://www.scoreway.fr,"RETAILTECH
"
,http://www.madeinvote.com,"RETAILTECH
"
,https://www.mytraffic.fr,"RETAILTECH
"
,https://potloc.com/,"RETAILTECH
"
,http://externis.com/fr/,"RETAILTECH
"
,http://www.early-birds.fr/,"RETAILTECH
"
,https://www.event-bots.com,"RETAILTECH
"
,http://pricecomparator.pro/,"RETAILTECH
"
,http://myjomo.fr,"RETAILTECH
"
,http://www.embisphere.com,"RETAILTECH
"
,https://www.previly.com/,"RETAILTECH
"
,http://www.leroymerlin.fr,"RETAILTECH
"
,http://www.trfretail.com,"RETAILTECH
"
,http://www.fidelisa.com,"RETAILTECH
"
,http://myboxcorner.co,"RETAILTECH
"
,http://instantjob.fr,"RETAILTECH
"
,http://www.getubiq.com,"RETAILTECH
"
,http://www.blog.slms.fr,"RETAILTECH
"
,http://askanna.me/,"RETAILTECH
"
,http://www.openfieldlive.com/,"RETAILTECH
"
,https://potloc.com,"RETAILTECH
"
